<metadata><idinfo><citation><citeinfo><origin>U.S. Geological Survey</origin><origin>Douglas Freehafer</origin><pubdate>20151204</pubdate><title>Predictions of Future Mean-Annual Precipitation from Five Climate Models and Two Future Greenhouse Gas Emissions Scenarios for Three Climatology Periods</title><geoform>Raster Digital Data Set</geoform><onlink>http://ny.water.usgs.gov/maps/floodfreq-climate/Dataset.USGS-OFR-2015-1235.DOI-10.5066-F7WS8R9S.zip</onlink><lworkcit><citeinfo><origin>Douglas Burns</origin><origin>Martyn Smith</origin><origin>Douglas Freehafer</origin><pubdate>20151204</pubdate><title>Development of Flood Regressions and Climate Change Scenarios to Explore Estimates of Future Peak Flows</title><geoform>Publication (Other)</geoform><serinfo><sername>Open-File Report</sername><issue>2015-1235</issue></serinfo><pubinfo><pubplace>Reston, Virginia</pubplace><publish>U.S. Geological Survey</publish></pubinfo><onlink>​http://dx.doi.org/10.3133/ofr20151235</onlink></citeinfo></lworkcit></citeinfo></citation><descript><abstract>The 30 datasets include future mean-annual precipitations from five downscaled models for two Representative Concentration Pathways (RCP) emission scenarios, RCP4.5 and RCP8.5 that were conducted under the Climate Model Intercomparision Program (CMIP5) developed for the Fifth Assessment Report of the Intergovernmental Panel on Climate Change (IPCC AR5). Each of the precipitation projections were averaged into three climatology periods: 2025-2049, 2050-2074, and 2075-2099.</abstract><purpose>The datasets were collected and assembled to explore the role of future climate change on the magnitude of flood peaks for stream and rivers in New York and the Champlain Basin of Vermont. The datasets are used in this application: Burns, D.A., Smith, M.J., and Freehafer, D.A., 2015, Application of flood regressions and climate change scenarios to explore estimates of future peak flows (version 1.0): U.S. Geological Survey data release, ​​http://dx.doi.org/10.5066/F7WS8R9S</purpose><supplinf>A table of names, abbreviations, and references that describe the climate models, greenhouse‐gas scenarios, and time periods used to generate the 30 raster datasets of mean‐annual precipitation and runoff downscaled to an 800‐meter grid that covers all of New York State plus Lake Champlain watershed used by the Web application is available at: http://ny.water.usgs.gov/maps/floodfreq-climate/README.rcp45_85pr_CompletePRECIPin.pdf</supplinf></descript><timeperd><timeinfo><rngdates><begdate>01/01/2025</begdate><enddate>12/31/2099</enddate></rngdates></timeinfo><current>publication date</current></timeperd><status><progress>Complete</progress><update>Irregular</update></status><spdom><bounding><westbc>-81.511567753</westbc><eastbc>-71.728579087</eastbc><northbc>45.648572709</northbc><southbc>40.340310861</southbc></bounding></spdom><keywords><theme><themekt>USGS Thesaurus</themekt><themekey>climate change effects</themekey><themekey>climate models</themekey><themekey>annual precipitation</themekey><themekey>greenhouse gas emissions scenarios</themekey></theme><place><placekt>Geographic Names Information System</placekt><placekey>New York</placekey><placekey>Vermont</placekey><placekey>Lake Champlain</placekey></place></keywords><accconst>None. Please see 'Distribution Info' for details.</accconst><useconst>None. Users are advised to read the data set's metadata thoroughly to understand appropriate use and data limitations.</useconst><ptcontac><cntinfo><cntorgp><cntorg>U.S. Geological Survey</cntorg><cntper>Douglas Freehafer</cntper></cntorgp><cntaddr><addrtype>Mailing and Physical</addrtype><address>425 Jordan Road</address><city>Troy</city><state>NY</state><postal>12180</postal><country>USA</country></cntaddr><cntvoice>518-285-5600</cntvoice></cntinfo></ptcontac><native>Environment as of Metadata Creation: Microsoft Windows 7 Version 6.1 (Build 7601) Service Pack 1; Esri ArcGIS 10.3.1 (Build 4959) Service Pack N/A (Build N/A)</native></idinfo><dataqual><attracc><attraccr>No formal attribute accuracy tests were conducted.</attraccr></attracc><logic>No formal logical accuracy tests were conducted.</logic><complete>Data set is considered complete for the information presented, as described in the abstract. Users are advised to read the rest of the metadata record carefully for additional details.</complete><posacc><horizpa><horizpar>A formal accuracy assessment of the horizontal positional information in the data set has not been conducted.</horizpar></horizpa><vertacc><vertaccr>A formal accuracy assessment of the vertical positional information in the data set has either not been conducted, or is not applicable.</vertaccr></vertacc></posacc><lineage><srcinfo><srccite><citeinfo><origin>NASA</origin><pubdate>2013-2014</pubdate><title>NASA Earth Exchange Downscaled Climate Projections (NEX-DCP30) Datasets</title><geoform>Raster Digital Data Set</geoform><pubinfo><pubplace>USA</pubplace><publish>USGS Climate Research and Development Program</publish></pubinfo><onlink>http://www.usgs.gov/climate_landuse/clu_rd/nccv.asp</onlink></citeinfo></srccite><srcscale>30-arc-seconds</srcscale><typesrc>Digital and/or Hardcopy Resources</typesrc><srctime><timeinfo><rngdates><begdate>20250101</begdate><enddate>20991231</enddate></rngdates></timeinfo><srccurr>ground condition</srccurr></srctime><srccitea>Precipitation data from climate models</srccitea><srccontr>Source information used in support of the development of the data set.</srccontr></srcinfo><procstep><procdesc>Development of the data set by the agency / individuals identified in the 'Originator' element in the Identification Info section of the record.</procdesc><procdate>Unknown</procdate></procstep></lineage></dataqual><spdoinfo><direct>Raster</direct><rastinfo><rasttype>Grid Cell</rasttype><rowcount>717</rowcount><colcount>955</colcount><vrtcount>1</vrtcount></rastinfo></spdoinfo><spref><horizsys><planar><gridsys><gridsysn>Universal Transverse Mercator</gridsysn><utm><utmzone>18</utmzone><transmer><sfctrmer>0.9996</sfctrmer><longcm>-75.0</longcm><latprjo>0.0</latprjo><feast>500000.0</feast><fnorth>0.0</fnorth></transmer></utm></gridsys><planci><plance>row and column</plance><coordrep><absres>800.0</absres><ordres>800.0</ordres></coordrep><plandu>Meter</plandu></planci></planar><geodetic><horizdn>D_WGS_1984</horizdn><ellips>WGS_1984</ellips><semiaxis>6378137.0</semiaxis><denflat>298.257223563</denflat></geodetic></horizsys></spref><distinfo><distrib><cntinfo><cntorgp><cntorg>U.S. Geological Survey</cntorg><cntper>Douglas Freehafer</cntper></cntorgp><cntaddr><addrtype>Mailing and Physical</addrtype><address>425 Jordan Road</address><city>Troy</city><state>NY</state><postal>12180</postal><country>USA</country></cntaddr><cntvoice>518-285-5600</cntvoice></cntinfo></distrib><distliab>Distributor assumes no liability for misuse of data.</distliab><stdorder><digform><digtinfo><formname>Raster Digital Data Set</formname></digtinfo><digtopt><onlinopt><computer><networka><networkr>http://ny.water.usgs.gov/maps/floodfreq-climate/Dataset.USGS-OFR-2015-1235.DOI-10.5066-F7WS8R9S.zip</networkr></networka></computer></onlinopt></digtopt></digform><fees>None. No fees are applicable for obtaining the data set.</fees></stdorder></distinfo><metainfo><metd>20160114</metd><metc><cntinfo><cntperp><cntper>Douglas Freehafer</cntper></cntperp><cntaddr><addrtype>Mailing and Physical</addrtype><address>425 Jordan Road</address><city>Troy</city><state>NY</state><postal>12180</postal><country>USA</country></cntaddr><cntvoice>518-285-5600</cntvoice></cntinfo></metc><metstdn>FGDC Content Standard for Digital Geospatial Metadata</metstdn><metstdv>FGDC-STD-001-1998</metstdv></metainfo></metadata>